id,first_name,last_name,d.o.b,email,adresse
1,Augustus,Beswick,06.02.1996,abeswick0@businessweek.com,907 Washington Road
2,Arnuad,Bewsey,16.02.1986,abewsey1@mayoclinic.com,107 Utah Park
3,Ebeneser,Grayham,04.12.1995,egrayham2@ask.com,52 Portage Center
4,Clarissa,Martinek,15.06.1964,cmartinek3@1688.com,6 Towne Lane
5,Catriona,Moroney,24.02.2002,cmoroney4@cdbaby.com,760 Washington Crossing
6,Barnabas,Barnardo,27.06.1956,bbarnardo5@wikispaces.com,2 Washington Street
7,Terrijo,Border,08.06.1951,tborder6@canalblog.com,1 Mallard Street
8,Tan,McGinley,04.02.1952,tmcginley7@ifeng.com,95672 Hansons Alley
9,Madlen,Ganter,30.01.1985,mganter8@wunderground.com,30 Canary Way
10,Willyt,Cosin,26.01.1968,wcosin9@tripadvisor.com,73 Vera Pass
11,Reece,Rowden,28.03.2006,rrowdena@wordpress.com,232 Norway Maple Junction
12,Paulina,Roget,21.09.1972,progetb@shareasale.com,793 Tennessee Avenue
13,Nickolai,Christley,22.10.2009,nchristleyc@stanford.edu,2 Brentwood Point
14,Eugine,Sisse,14.02.2009,esissed@over-blog.com,2 Cherokee Junction
15,Carmelle,Leavens,16.10.1963,cleavense@xrea.com,4478 Troy Avenue
16,Ruben,Fuentez,19.04.2006,rfuentezf@comsenz.com,03524 Moulton Avenue
17,Marcello,Greasley,11.08.1956,mgreasleyg@blinklist.com,9538 Fisk Junction
18,Anastassia,Tohill,12.02.1965,atohillh@mashable.com,48994 Blue Bill Park Way
19,Alys,Beadnall,14.10.2010,abeadnalli@lycos.com,35351 Nobel Hill
20,Mirabel,Matyashev,31.05.1988,mmatyashevj@soundcloud.com,005 Del Mar Street
21,Helaine,Flury,22.09.1975,hfluryk@cnn.com,31697 Esch Avenue
22,Kaylee,McEniry,25.10.1951,kmceniryl@icio.us,3687 Bashford Point
23,Tanitansy,Dimbleby,26.10.1975,tdimblebym@barnesandnoble.com,1 Montana Way
24,Frankie,Chipp,02.12.1963,fchippn@multiply.com,65732 Burning Wood Parkway
25,Seline,Shafe,27.05.1965,sshafeo@wikispaces.com,399 Maple Wood Trail
26,Fan,Hinksen,07.02.1984,fhinksenp@bizjournals.com,94344 Anhalt Point
27,Anatol,Shelmardine,28.08.1957,ashelmardineq@arstechnica.com,43 Haas Plaza
28,Jessalin,Gronow,16.09.2016,jgronowr@list-manage.com,147 Birchwood Park
29,Fredek,Nassie,11.06.1997,fnassies@webnode.com,5 Ridge Oak Junction
30,Eadmund,Varian,14.09.1967,evariant@histats.com,168 Ronald Regan Point
31,Tabby,Ingreda,15.07.2015,tingredau@ucla.edu,615 Meadow Vale Trail
32,Rhodie,Piddocke,25.06.1961,rpiddockev@stumbleupon.com,84 Kipling Hill
33,Ophelie,Amberson,28.09.1997,oambersonw@moonfruit.com,65606 Drewry Court
34,Egan,Sleford,27.08.1958,eslefordx@princeton.edu,41568 Mariners Cove Pass
35,Rosita,Landor,24.09.1959,rlandory@mozilla.com,01 Randy Crossing
36,Devy,Raiman,05.08.1953,draimanz@icio.us,1 Crescent Oaks Lane
37,Tye,Samms,29.08.1954,tsamms10@paginegialle.it,05582 Texas Junction
38,Cally,Deluze,09.08.1997,cdeluze11@quantcast.com,847 Morrow Point
39,Laurie,Mowling,03.12.1984,lmowling12@redcross.org,66132 Erie Street
40,Nollie,Sturton,01.05.1972,nsturton13@pbs.org,4692 Del Sol Avenue
41,Kirbee,Lethby,30.05.1991,klethby14@paypal.com,39 Cordelia Way
42,Robby,Beaney,22.05.1999,rbeaney15@vinaora.com,34 New Castle Point
43,Shelbi,Klimushev,02.06.1967,sklimushev16@youtube.com,73720 Clarendon Center
44,Jacquenette,Rigmond,07.09.1996,jrigmond17@theatlantic.com,28444 Arapahoe Alley
45,Arney,Callis,06.07.1960,acallis18@usda.gov,705 Mosinee Road
46,Peyter,How to preserve,21.12.1951,phowtopreserve19@bloomberg.com,82794 Stuart Lane
47,Vivien,Dur,14.10.1966,vdur1a@1688.com,43400 Portage Street
48,Ogdon,Lillicrop,09.12.1990,olillicrop1b@uol.com.br,858 Upham Drive
49,Si,Gladwin,21.12.1981,sgladwin1c@a8.net,9 Northwestern Point
50,Adelind,Nutter,26.10.1979,anutter1d@seattletimes.com,9242 Commercial Park
51,Jenni,Swanbourne,03.01.1960,jswanbourne1e@fastcompany.com,78286 Steensland Place
52,Farleigh,Scoffins,04.03.2008,fscoffins1f@cdc.gov,0909 Holy Cross Crossing
53,Joshia,Ostler,12.11.1971,jostler1g@tinyurl.com,7 Warrior Alley
54,Bathsheba,Purvey,18.08.1978,bpurvey1h@chron.com,5 Fisk Plaza
55,Vernen,Landeaux,15.08.2002,vlandeaux1i@berkeley.edu,5181 Pine View Alley
56,Jarrod,Siney,07.03.2007,jsiney1j@networkadvertising.org,41 Armistice Court
57,Salmon,Kilbourne,20.01.1966,skilbourne1k@businessweek.com,0 Longview Alley
58,Alfredo,MacParlan,23.01.1959,amacparlan1l@cam.ac.uk,44003 Green Street
59,Sephira,Tinman,25.09.2013,stinman1m@irs.gov,63 Mcguire Plaza
60,Morten,Collinge,05.04.2006,mcollinge1n@hibu.com,86973 Loeprich Street
61,Ciro,Schaffler,08.12.2006,cschaffler1o@ucla.edu,16199 Village Plaza
62,Malanie,Rushby,06.07.2002,mrushby1p@census.gov,218 Hooker Drive
63,Emmalyn,Abramovitz,12.06.1955,eabramovitz1q@hibu.com,3 Scott Point
64,Maggie,Persian,12.09.1966,mpersian1r@blogger.com,1 Tomscot Road
65,Dulciana,Urion,05.04.1990,durion1s@gizmodo.com,4655 Ryan Trail
66,Aubert,Sabathier,21.10.1976,asabathier1t@prweb.com,23 Novick Terrace
67,Karola,Dayce,04.11.1982,kdayce1u@princeton.edu,6 Artisan Drive
68,Darlleen,Tranmer,21.06.1988,dtranmer1v@behance.net,44223 Carpenter Pass
69,Editha,Anersen,11.11.1952,eanersen1w@reddit.com,152 Lakewood Gardens Road
70,Consolata,Kettleson,20.11.1976,ckettleson1x@geocities.jp,41218 4th Trail
71,Keefer,Batstone,22.06.2013,kbatstone1y@smugmug.com,2927 Esker Avenue
72,Patton,Dingsdale,16.07.1953,pdingsdale1z@msn.com,3 Roth Crossing
73,Belvia,Betton,08.03.2000,bbetton20@google.co.uk,2679 Valley Edge Pass
74,Merrel,Down,21.09.2001,mdown21@t.co,4 Declaration Place
75,Jacintha,Rodgers,11.01.1950,jrodgers22@fda.gov,707 Arapahoe Lane
76,Jase,Loughnan,12.09.2011,jloughnan23@slate.com,9486 Raven Road
77,Roderic,Broke,06.11.1951,rbroke24@163.com,9 Thompson Plaza
78,Keen,Botte,08.03.1965,kbotte25@reference.com,455 Twin Pines Park
79,Filmer,Lippini,01.12.1963,flippini26@squarespace.com,107 Rigney Drive
80,Carlin,Baird,29.04.1958,cbaird27@nbcnews.com,90448 Tennyson Alley
81,Aurel,Cello,28.01.1984,acello28@apple.com,19 Golf Plaza
82,Daphna,Stillmann,13.02.2017,dstillmann29@discuz.net,4 Green Drive
83,Marillin,Durtnal,14.08.1990,mdurtnal2a@netvibes.com,75348 Old Shore Terrace
84,Hall,Bockh,01.02.1994,hbockh2b@google.nl,7 Warrior Way
85,Tracey,Marcos,07.04.2000,tmarcos2c@ed.gov,22120 Dayton Way
86,Bryanty,Huddy,09.03.2016,bhuddy2d@pbs.org,58 Warbler Plaza
87,Joanne,Giscken,27.02.2003,jgiscken2e@hc360.com,9 Dottie Park
88,Godiva,Sapauton,03.11.1978,gsapauton2f@soundcloud.com,58482 Mifflin Court
89,Jamie,Dominka,07.09.2012,jdominka2g@wix.com,63450 Hoffman Avenue
90,Francene,Hindrick,21.06.1963,fhindrick2h@blogger.com,1 Lawn Lane
91,Aaren,Greenhow,07.04.1957,agreenhow2i@go.com,732 Old Gate Avenue
92,Dorelia,Conkie,27.01.2003,dconkie2j@wp.com,075 Beilfuss Drive
93,Hanson,Darnody,16.09.2010,hdarnody2k@exblog.jp,6 Cascade Road
94,Stewart,Kenway,05.11.1952,skenway2l@hatena.ne.jp,9872 Bobwhite Hill
95,Gerrie,Donnachie,12.04.2000,gdonnachie2m@fastcompany.com,953 Doe Crossing Crossing
96,Anselma,Knapman,18.02.1985,aknapman2n@icq.com,0024 Stone Corner Terrace
97,Jarred,Elis,24.06.1961,jelis2o@cdbaby.com,8216 Corry Drive
98,Efren,Longbone,06.07.1961,elongbone2p@mysql.com,07 Del Sol Crossing
99,Coop,Holsey,22.05.1974,cholsey2q@pcworld.com,3 Mandrake Pass
100,Valma,Mickan,18.12.1972,vmickan2r@ihg.com,9152 Steensland Junction
101,Jobye,Troth,16.12.1978,jtroth2s@ameblo.jp,657 Michigan Circle
102,Daloris,Cradey,19.08.1999,dcradey2t@go.com,28356 Farragut Place
103,Archer,Chillingsworth,16.05.1992,achillingsworth2u@gravatar.com,489 Ludington Street
104,Giovanni,Maxsted,20.11.1989,gmaxsted2v@psu.edu,4011 Dexter Avenue
105,Oneida,Jaspar,04.02.1960,ojaspar2w@zimbio.com,420 Algoma Street
106,Gabe,Iacopo,16.06.1975,giacopo2x@mayoclinic.com,28211 Knutson Hill
107,Joela,Anniwell,16.09.1961,janniwell2y@ning.com,15250 Vera Court
108,Andonis,Jozsika,24.12.2013,ajozsika2z@free.fr,00 Lotheville Court
109,Mindy,Heminsley,29.11.1998,mheminsley30@blogspot.com,22919 Blackbird Trail
110,Maxie,Kidstoun,11.12.1957,mkidstoun31@clickbank.net,5962 Darwin Plaza
111,Kelsey,McPhail,14.08.1986,kmcphail32@hc360.com,32 Reinke Crossing
112,Yehudi,Janks,17.10.1969,yjanks33@rambler.ru,405 Anniversary Crossing
113,Brande,McClaughlin,20.10.1953,bmcclaughlin34@usda.gov,28 Chive Hill
114,Daisi,Rymmer,17.07.1963,drymmer35@cbslocal.com,3 Autumn Leaf Point
115,Vladimir,Spavon,17.04.1963,vspavon36@netscape.com,73273 Kings Place
116,Shanna,Houlahan,12.03.1960,shoulahan37@indiegogo.com,5 Thackeray Crossing
117,Rica,Canellas,07.01.1986,rcanellas38@wikia.com,40 Schmedeman Hill
118,Ronnie,Carles,06.06.1964,rcarles39@friendfeed.com,002 Ryan Park
119,Suellen,Osborne,09.10.1996,sosborne3a@webnode.com,36628 Linden Drive
120,Filmer,Leftridge,12.12.2005,fleftridge3b@blog.com,05149 Petterle Place
121,Garreth,Wheowall,20.01.1950,gwheowall3c@drupal.org,0813 Schurz Crossing
122,Brooks,Fidoe,23.07.2015,bfidoe3d@cmu.edu,6992 Mariners Cove Crossing
123,Jori,Elvin,08.12.1958,jelvin3e@de.vu,93 Northview Street
124,Ina,Deboo,11.03.2017,ideboo3f@51.la,15301 Bayside Circle
125,Maddy,Gensavage,18.12.1981,mgensavage3g@princeton.edu,55 Steensland Junction
126,Leela,Angerstein,28.07.2004,langerstein3h@nydailynews.com,769 Scofield Court
127,Philis,Francie,16.04.2004,pfrancie3i@is.gd,00368 Vahlen Road
128,Morten,Brandts,06.10.1955,mbrandts3j@thetimes.co.uk,59189 Maple Wood Junction
129,Adiana,Steffan,04.06.1968,asteffan3k@fda.gov,19 Macpherson Park
130,Henri,Idell,12.05.1952,hidell3l@naver.com,36135 Forest Plaza
131,Loralyn,Conn,16.11.1961,lconn3m@google.co.uk,616 New Castle Hill
132,Tadd,Haws,01.01.1977,thaws3n@facebook.com,15 Anderson Crossing
133,Anestassia,Boardman,12.09.1985,aboardman3o@dailymail.co.uk,1124 Anderson Drive
134,Ivett,Skirvane,30.05.1987,iskirvane3p@ocn.ne.jp,472 Dexter Avenue
135,Karena,Eteen,30.03.1950,keteen3q@bravesites.com,6 Leroy Park
136,Jobina,Ilchuk,24.12.1994,jilchuk3r@discuz.net,5496 Cottonwood Avenue
137,Christen,Lightbody,18.01.1994,clightbody3s@fda.gov,5 Elgar Avenue
138,Christabella,Vanstone,03.06.1997,cvanstone3t@businessweek.com,714 Kinsman Avenue
139,Izzy,Cawdron,01.11.1982,icawdron3u@imdb.com,983 Becker Parkway
140,Desiri,Meriott,27.08.1973,dmeriott3v@pbs.org,1 Jana Court
141,Skippy,Pawels,18.09.1959,spawels3w@usda.gov,281 Stephen Pass
142,Flore,Gabbett,17.10.2007,fgabbett3x@1688.com,94 Heath Park
143,Tarah,Keling,18.07.2016,tkeling3y@ycombinator.com,416 Stang Way
144,Hally,Ledgley,22.01.1995,hledgley3z@abc.net.au,466 Loomis Way
145,Roma,Jorge,20.10.1961,rjorge40@guardian.co.uk,84 Anhalt Terrace
146,Gaye,Mort,14.10.1965,gmort41@behance.net,1773 Fordem Way
147,Clemens,Risman,27.08.1981,crisman42@com.com,25 Annamark Plaza
148,Faye,Kinneally,10.01.1954,fkinneally43@elegantthemes.com,332 Sundown Trail
149,Lazarus,Pestell,07.12.1977,lpestell44@msu.edu,813 Reinke Crossing
150,Bryana,Guidera,21.02.1952,bguidera45@addthis.com,173 Little Fleur Place
151,Grethel,Roust,01.12.1976,groust46@mysql.com,22 Del Mar Junction
152,Yevette,Diegan,05.07.1977,ydiegan47@barnesandnoble.com,6 Granby Trail
153,Teodorico,Shippam,21.11.1994,tshippam48@scribd.com,91378 Armistice Drive
154,Zachary,Derges,04.01.2000,zderges49@admin.ch,81 Union Place
155,Vitia,McCleary,26.11.1993,vmccleary4a@typepad.com,46260 Spenser Way
156,Vincenty,Calabry,01.06.1959,vcalabry4b@aol.com,8 Twin Pines Center
157,Lilllie,Longley,12.09.1982,llongley4c@clickbank.net,7 Bunker Hill Drive
158,Raimundo,Kibbe,08.03.1959,rkibbe4d@hc360.com,138 Grayhawk Plaza
159,Audry,Loidl,03.03.2010,aloidl4e@tumblr.com,3 Hovde Junction
160,Inger,Swiffen,13.10.1981,iswiffen4f@prlog.org,8600 Debs Alley
161,Ferdinand,Mocker,13.01.2006,fmocker4g@squidoo.com,1863 Melody Lane
162,Boothe,Caramuscia,28.07.2006,bcaramuscia4h@wsj.com,91 Granby Hill
163,Caterina,Dorian,07.11.1976,cdorian4i@soup.io,1 Scoville Road
164,Fredelia,Iacovini,06.12.1950,fiacovini4j@pagesperso-orange.fr,7 Lukken Trail
165,Kellby,Pringer,20.02.1995,kpringer4k@washingtonpost.com,3 Loomis Crossing
166,Harper,Soloway,13.09.1985,hsoloway4l@baidu.com,06 Mendota Way
167,Harmonie,Blesli,12.10.2012,hblesli4m@biblegateway.com,31 Express Alley
168,Allegra,Stathers,28.04.1978,astathers4n@taobao.com,52 Steensland Center
169,Corinne,Prebble,26.09.1991,cprebble4o@ustream.tv,4091 Lunder Avenue
170,Brett,Trude,07.10.1995,btrude4p@histats.com,1 Morrow Hill
171,Claire,Robeiro,10.06.1958,crobeiro4q@dagondesign.com,010 Hagan Park
172,Reube,Crudgington,08.07.2013,rcrudgington4r@ning.com,42105 Kings Point
173,Barnabas,Scottrell,12.03.2006,bscottrell4s@google.nl,241 Gateway Parkway
174,Lee,Osgarby,08.03.1959,losgarby4t@blogspot.com,93 Miller Junction
175,Roarke,McUre,08.03.1965,rmcure4u@sciencedirect.com,1575 Saint Paul Circle
176,Agata,Dewen,23.07.1983,adewen4v@merriam-webster.com,023 Westridge Center
177,Sheelah,Simmon,30.05.1994,ssimmon4w@aboutads.info,030 Raven Road
178,Salmon,Sapsford,10.03.1988,ssapsford4x@live.com,05958 Mosinee Center
179,Lynnell,Umney,28.11.2011,lumney4y@people.com.cn,38318 Homewood Park
180,Dana,McLaughlin,03.11.2015,dmclaughlin4z@gmpg.org,093 Acker Lane
181,Brett,Plaskitt,08.12.2012,bplaskitt50@comcast.net,69594 Waubesa Road
182,Eldon,Loughrey,25.10.1971,eloughrey51@blogs.com,15734 Mallory Way
183,Padgett,Trevaskiss,10.04.1983,ptrevaskiss52@chronoengine.com,062 Bluejay Lane
184,Dottie,Rohmer,25.10.2016,drohmer53@qq.com,2106 High Crossing Crossing
185,Nadya,Junes,28.06.1996,njunes54@usgs.gov,586 Porter Circle
186,Fidel,Waterhowse,26.05.1954,fwaterhowse55@foxnews.com,886 Scofield Parkway
187,Gennie,Dellenbroker,05.08.1955,gdellenbroker56@house.gov,525 Mariners Cove Center
188,Toinette,Biddles,02.02.2000,tbiddles57@mysql.com,34269 Paget Hill
189,Nettle,Rubenov,26.09.1974,nrubenov58@oakley.com,4530 Starling Plaza
190,Casper,Copestick,10.06.1953,ccopestick59@furl.net,750 Burrows Lane
191,Dara,Rappoport,05.08.1989,drappoport5a@msu.edu,136 Anthes Place
192,Estrella,Chell,23.07.1994,echell5b@spotify.com,97 Dryden Point
193,Waly,Ratke,19.06.1994,wratke5c@odnoklassniki.ru,302 Cherokee Hill
194,Robena,Pietzke,07.10.1950,rpietzke5d@csmonitor.com,5090 Golden Leaf Avenue
195,Cristy,Giovannardi,17.10.1955,cgiovannardi5e@360.cn,289 Pierstorff Lane
196,Eve,Beausang,31.07.1989,ebeausang5f@ca.gov,4411 Lerdahl Circle
197,Christen,Scarce,05.06.2002,cscarce5g@timesonline.co.uk,94 Mcbride Hill
198,Heriberto,Reburn,03.07.1976,hreburn5h@vk.com,031 Prentice Point
199,Antonin,Baggallay,16.07.1955,abaggallay5i@wix.com,22468 Park Meadow Terrace
200,Nicoline,Ogle,13.06.1956,nogle5j@friendfeed.com,72100 Portage Street
